20240811140905, -0.01,0.00,1.02
20240811140906, 0.00,0.00,1.03
20240811140907, -0.00,0.00,1.03
20240811140909, -0.00,0.00,1.02
20240811140910, -0.00,0.00,1.03
20240811140911, -0.01,0.00,1.03
20240811140912, -0.00,-0.01,1.03
20240811140913, -0.00,0.01,1.02
20240811140914, -0.00,0.01,1.03
20240811140915, -0.00,-0.00,1.03
20240811140917, -0.00,0.00,1.03
20240811140918, -0.00,-0.00,1.03
20240811140919, -0.00,-0.00,1.03
20240811140920, -0.00,-0.00,1.03
20240811140921, -0.00,0.00,1.03
20240811140922, 0.00,0.00,1.03
20240811140924, -0.00,0.00,1.03
20240811140925, -0.00,0.00,1.03
20240811140926, -0.00,0.00,1.03
20240811140927, 0.00,0.00,1.03
20240811140928, -0.00,0.00,1.02
20240811140929, -0.00,-0.00,1.03
20240811140930, -0.00,0.00,1.02
20240811140932, -0.00,0.00,1.03
20240811140933, -0.00,0.00,1.03
20240811140934, -0.00,-0.00,1.02
20240811140935, -0.00,-0.00,1.03
20240811140936, -0.00,-0.00,1.03
20240811140937, -0.00,-0.00,1.03
20240811140938, -0.00,-0.00,1.03
20240811140940, -0.00,0.00,1.03
20240811140941, -0.00,-0.00,1.03
20240811140942, -0.00,0.00,1.03
20240811140943, -0.00,0.00,1.03
20240811140944, -0.00,0.00,1.03
20240811140945, -0.00,0.00,1.02
20240811140947, 0.00,0.00,1.02
20240811140948, 0.00,-0.00,1.03
20240811140949, -0.00,-0.00,1.03
20240811140950, -0.00,0.00,1.03
20240811140951, -0.00,0.00,1.02
20240811140952, -0.00,0.00,1.03
20240811140953, -0.00,0.00,1.03
20240811140955, -0.00,0.00,1.03
20240811140956, -0.00,0.00,1.03
20240811140957, -0.00,0.00,1.03
20240811140958, -0.00,0.00,1.03
20240811140959, -0.00,0.00,1.03
20240811141000, 0.00,0.00,1.03
20240811141002, -0.00,0.00,1.02
20240811141003, -0.00,-0.00,1.03
20240811141004, 0.00,0.00,1.03
20240811141005, -0.00,0.00,1.03
20240811141006, -0.00,0.00,1.03
20240811141007, -0.00,0.00,1.03
20240811141008, -0.00,0.00,1.03
20240811141010, -0.00,0.00,1.02
20240811141011, -0.00,-0.00,1.02
20240811141012, -0.00,0.00,1.03
20240811141013, -0.00,0.00,1.02
20240811141014, -0.00,0.00,1.03
20240811141015, -0.00,0.00,1.02
20240811141017, -0.00,0.00,1.03
20240811141018, -0.00,0.00,1.02
20240811141019, -0.00,0.00,1.03
20240811141020, -0.00,0.00,1.02
20240811141021, 0.00,0.00,1.03
20240811141022, -0.00,-0.00,1.03
20240811141023, -0.00,-0.00,1.03
20240811141025, 0.00,0.00,1.03
20240811141026, -0.00,0.00,1.03
20240811141027, -0.00,0.00,1.03
20240811141028, -0.00,0.00,1.02
20240811141029, 0.00,0.00,1.03
20240811141030, -0.00,0.00,1.03
20240811141031, -0.00,0.00,1.03
20240811141033, -0.00,-0.00,1.03
20240811141034, -0.00,0.00,1.03
20240811141035, -0.00,-0.00,1.03
20240811141036, -0.00,-0.00,1.03
20240811141037, -0.00,-0.00,1.03
20240811141039, -0.00,0.00,1.03
20240811141040, -0.00,0.00,1.03
20240811141041, 0.00,0.00,1.03
20240811141042, -0.00,0.00,1.03
20240811141043, -0.00,0.00,1.02
20240811141044, -0.00,0.00,1.03
20240811141045, -0.00,0.00,1.03
20240811141047, -0.00,0.00,1.03
20240811141048, -0.00,0.00,1.03
20240811141049, -0.00,-0.00,1.03
20240811141050, -0.00,0.00,1.03
20240811141051, -0.00,-0.00,1.02
20240811141052, -0.00,0.00,1.03
20240811141054, -0.00,0.00,1.02
20240811141055, -0.00,0.00,1.03
20240811141056, -0.00,0.00,1.03
20240811141057, -0.00,-0.00,1.03
20240811141058, -0.00,-0.00,1.03
20240811141059, -0.00,-0.00,1.03
20240811141100, -0.00,0.00,1.02
20240811141102, -0.00,0.00,1.03
20240811141103, -0.00,0.00,1.03
20240811141104, -0.00,0.00,1.03
20240811141105, 0.00,0.00,1.03
20240811141107, -0.00,-0.00,1.03
20240811141108, -0.00,0.00,1.03
20240811141109, 0.00,0.00,1.03
20240811141110, -0.00,0.00,1.03
20240811141111, -0.00,0.00,1.03
20240811141112, 0.00,0.00,1.02
20240811141114, -0.00,0.00,1.03
20240811141115, -0.00,0.00,1.03
20240811141116, 0.00,0.00,1.03
20240811141117, -0.00,0.00,1.03
20240811141118, 0.01,0.00,1.02
20240811141119, -0.00,0.00,1.03
20240811141121, -0.00,-0.00,1.03
20240811141122, -0.00,0.00,1.03
20240811141123, -0.00,0.00,1.03
20240811141124, 0.00,0.00,1.03
20240811141125, 0.00,0.00,1.03
20240811141126, -0.00,0.00,1.03
20240811141128, -0.00,0.00,1.03
20240811141129, -0.00,0.00,1.02
20240811141130, -0.00,-0.00,1.03
20240811141131, -0.00,-0.00,1.03
20240811141132, -0.00,0.00,1.02
20240811141134, -0.00,0.00,1.03
20240811141135, -0.00,0.00,1.02
20240811141136, -0.00,0.00,1.03
20240811141137, -0.00,0.00,1.03
20240811141138, -0.00,-0.00,1.02
20240811141139, -0.00,0.00,1.02
20240811141141, -0.00,0.00,1.03
20240811141142, -0.00,0.00,1.03
20240811141143, -0.00,0.00,1.03
20240811141144, -0.00,0.00,1.03
20240811141145, -0.00,-0.00,1.03
20240811141146, -0.00,0.00,1.03
20240811141148, 0.00,0.00,1.03
20240811141149, -0.00,0.00,1.03
20240811141150, -0.00,0.00,1.03
20240811141151, -0.00,0.00,1.03
20240811141152, -0.00,0.00,1.03
20240811141153, -0.00,-0.00,1.03
20240811141155, -0.00,0.00,1.03
20240811141156, -0.00,0.00,1.03
20240811141157, -0.00,0.00,1.03
20240811141158, -0.00,0.00,1.03
20240811141159, -0.00,0.00,1.03
20240811141200, -0.00,0.00,1.03
20240811141202, -0.00,0.00,1.03
20240811141203, -0.00,0.00,1.03
20240811141204, -0.00,0.00,1.03
20240811141205, -0.00,0.00,1.03
20240811141206, -0.00,0.00,1.03
20240811141207, -0.00,0.00,1.03
20240811141209, -0.00,0.00,1.03
20240811141210, -0.00,-0.00,1.03
20240811141211, -0.00,0.00,1.03
20240811141212, -0.00,0.00,1.03
20240811141213, -0.00,0.00,1.03
20240811141214, -0.00,0.00,1.03
20240811141216, -0.00,0.00,1.03
20240811141217, -0.00,0.00,1.02
20240811141218, -0.00,0.00,1.03
20240811141219, 0.00,0.00,1.03
20240811141220, -0.00,0.00,1.03
20240811141222, -0.00,0.00,1.03
20240811141223, -0.00,-0.00,1.03
20240811141224, -0.00,0.00,1.03
20240811141225, 0.00,0.01,1.03
20240811141226, -0.00,0.00,1.03
20240811141227, 0.00,0.00,1.03
20240811141229, -0.00,0.00,1.03
20240811141230, -0.00,-0.00,1.02
20240811141231, -0.00,0.00,1.03
20240811141232, 0.00,0.00,1.03
20240811141233, 0.00,-0.00,1.03
20240811141234, -0.00,0.00,1.03
20240811141236, -0.00,-0.00,1.03
20240811141237, -0.00,0.00,1.03
20240811141238, -0.00,0.00,1.03
20240811141239, -0.00,0.00,1.02
20240811141240, -0.00,0.00,1.03
20240811141241, -0.00,0.00,1.03
20240811141243, -0.00,0.00,1.03
20240811141244, -0.00,0.00,1.03
20240811141245, -0.01,-0.00,1.03
20240811141246, -0.00,-0.00,1.03
20240811141247, -0.00,0.00,1.02
20240811141249, -0.00,0.00,1.03
20240811141250, -0.00,0.00,1.02
20240811141251, 0.00,0.00,1.03
20240811141252, -0.00,0.00,1.02
20240811141253, -0.00,0.00,1.03
20240811141254, -0.00,0.00,1.03
20240811141256, -0.00,0.00,1.03
20240811141257, -0.00,-0.00,1.03
20240811141258, -0.00,-0.00,1.03
20240811141259, -0.00,0.00,1.03
20240811141300, 0.00,0.00,1.03
20240811141302, -0.00,0.00,1.03
20240811141303, -0.00,-0.00,1.03
20240811141304, 0.00,-0.00,1.03
20240811141306, 0.00,0.00,1.03
20240811141307, -0.00,0.00,1.03
20240811141308, -0.00,0.00,1.03
20240811141309, -0.00,0.00,1.03
20240811141310, -0.00,-0.00,1.03
20240811141312, -0.00,0.00,1.03
20240811141313, -0.00,0.00,1.03
20240811141314, -0.00,0.00,1.03
20240811141315, -0.00,0.00,1.03
20240811141316, -0.00,-0.00,1.03
20240811141317, -0.00,0.00,1.03
20240811141319, -0.00,0.00,1.02
20240811141320, -0.00,0.00,1.03
20240811141321, -0.00,0.00,1.03
20240811141322, -0.00,0.00,1.03
20240811141323, -0.00,0.00,1.03
20240811141324, -0.00,0.00,1.03
20240811141326, -0.00,0.00,1.03
20240811141327, -0.00,0.00,1.02
20240811141328, -0.00,0.00,1.03
20240811141329, -0.00,0.00,1.02
20240811141330, -0.00,0.00,1.03
20240811141332, 0.00,0.00,1.03
20240811141333, -0.00,0.00,1.03
20240811141334, 0.00,0.00,1.03
20240811141335, -0.00,0.00,1.03
20240811141336, -0.00,0.00,1.03
20240811141338, 0.00,-0.00,1.03
20240811141339, -0.00,0.00,1.02
20240811141340, -0.00,0.00,1.03
20240811141341, -0.00,0.00,1.03
20240811141342, -0.00,0.00,1.03
20240811141344, -0.00,0.00,1.03
20240811141345, -0.00,0.00,1.03
20240811141346, -0.00,0.00,1.03
20240811141347, -0.00,0.00,1.03
20240811141348, -0.00,0.00,1.03
20240811141350, -0.00,0.00,1.03
20240811141351, -0.00,0.00,1.03
20240811141352, -0.00,0.00,1.03
20240811141353, -0.00,0.00,1.03
20240811141354, -0.00,-0.00,1.03
20240811141355, -0.00,0.00,1.03
20240811141357, -0.00,-0.00,1.03
20240811141358, -0.00,0.00,1.03
20240811141359, -0.01,0.00,1.03
20240811141400, -0.00,0.00,1.02
20240811141401, -0.00,0.00,1.03
20240811141403, -0.00,-0.00,1.03
20240811141404, -0.00,0.00,1.03
20240811141405, -0.00,0.00,1.03
20240811141406, -0.00,0.00,1.03
20240811141407, -0.00,0.00,1.03
20240811141408, -0.00,0.00,1.03
20240811141410, -0.00,-0.00,1.02
20240811141411, -0.00,0.00,1.03
20240811141412, -0.00,0.00,1.02
20240811141413, 0.00,0.00,1.02
20240811141414, -0.00,0.00,1.03
20240811141416, -0.00,0.00,1.03
20240811141417, -0.00,-0.00,1.02
20240811141418, -0.00,-0.00,1.03
20240811141419, 0.00,0.00,1.02
20240811141420, -0.00,0.00,1.02
20240811141421, 0.00,0.00,1.03
20240811141423, -0.00,-0.00,1.03
20240811141424, 0.00,0.01,1.03
20240811141425, -0.00,-0.00,1.02
20240811141426, -0.00,-0.00,1.03
20240811141427, -0.00,0.00,1.03
20240811141429, -0.00,0.00,1.03
20240811141430, -0.00,0.00,1.03
20240811141431, -0.00,0.00,1.02
20240811141432, -0.00,0.00,1.02
20240811141433, -0.00,0.00,1.03
20240811141435, -0.00,0.00,1.02
20240811141436, -0.00,0.00,1.03
20240811141437, -0.00,0.00,1.03
20240811141438, -0.00,0.00,1.03
20240811141439, -0.00,0.00,1.03
20240811141440, -0.00,0.00,1.03
20240811141442, -0.00,0.00,1.02
20240811141443, -0.00,0.00,1.03
20240811141444, -0.00,0.00,1.03
20240811141445, -0.00,0.00,1.03
20240811141446, -0.00,0.00,1.03
20240811141448, -0.00,0.00,1.03
20240811141449, -0.00,-0.00,1.03
20240811141450, -0.00,0.00,1.03
20240811141451, -0.00,0.00,1.03
20240811141452, -0.00,0.00,1.03
20240811141453, -0.00,0.00,1.03
20240811141455, -0.00,-0.00,1.03
20240811141456, -0.00,0.00,1.03
20240811141457, -0.00,0.00,1.03
20240811141458, -0.00,0.00,1.03
20240811141500, -0.00,0.00,1.03
20240811141501, -0.00,0.00,1.03
20240811141502, -0.00,0.00,1.03
20240811141503, -0.00,-0.00,1.03
20240811141504, -0.00,-0.00,1.03
20240811141506, -0.00,0.00,1.03
20240811141507, -0.00,-0.00,1.03
20240811141508, -0.00,-0.00,1.03
20240811141509, -0.00,0.00,1.03
20240811141510, -0.00,0.00,1.03
20240811141511, -0.00,0.00,1.02
20240811141513, -0.00,0.00,1.02
20240811141514, -0.00,0.00,1.03
20240811141515, -0.00,0.00,1.02
20240811141516, -0.00,-0.00,1.02
20240811141517, -0.00,0.00,1.02
20240811141519, -0.00,0.00,1.03
20240811141520, -0.00,0.00,1.02
20240811141521, -0.00,0.00,1.03
20240811141522, -0.00,0.00,1.03
20240811141523, -0.00,0.00,1.03
20240811141525, -0.00,0.00,1.03
20240811141526, -0.00,0.00,1.02
20240811141527, -0.00,0.00,1.02
20240811141528, -0.00,0.00,1.03
20240811141529, -0.00,0.00,1.02
20240811141530, -0.00,0.00,1.03
20240811141532, -0.00,0.00,1.03
20240811141533, -0.00,0.00,1.03
20240811141534, -0.00,0.00,1.03
20240811141535, 0.00,-0.00,1.03
20240811141536, -0.00,-0.00,1.03
20240811141538, -0.00,0.00,1.02
20240811141539, -0.00,0.00,1.03
20240811141540, -0.00,0.00,1.03
20240811141541, 0.00,0.00,1.03
20240811141542, -0.00,-0.00,1.02
20240811141543, -0.00,-0.00,1.03
20240811141545, -0.00,0.00,1.03
20240811141546, -0.00,0.00,1.03
20240811141547, -0.00,0.00,1.03
20240811141548, -0.00,-0.00,1.03
20240811141549, 0.00,0.00,1.03
20240811141551, 0.00,0.00,1.03
20240811141552, -0.00,-0.00,1.03
20240811141553, -0.00,0.00,1.02
20240811141554, -0.00,0.00,1.03
20240811141555, -0.00,0.00,1.03
20240811141557, -0.00,0.00,1.03
20240811141558, -0.00,0.00,1.02
20240811141559, -0.00,0.00,1.02
20240811141600, -0.00,0.00,1.03
20240811141601, -0.00,0.00,1.02
20240811141602, -0.00,0.00,1.02
20240811141604, -0.00,0.00,1.02
20240811141605, 0.00,0.00,1.03
20240811141606, -0.00,0.00,1.02
20240811141607, -0.00,0.00,1.03
20240811141608, -0.00,0.00,1.02
20240811141610, -0.00,0.00,1.03
20240811141611, -0.00,0.00,1.03
20240811141612, -0.00,0.00,1.02
20240811141613, -0.00,0.00,1.02
20240811141614, -0.00,0.00,1.03
20240811141616, -0.00,0.00,1.03
20240811141617, -0.00,0.00,1.02
20240811141618, -0.00,0.00,1.02
20240811141619, -0.00,0.00,1.03
20240811141620, -0.00,0.00,1.03
20240811141621, -0.00,0.00,1.02
20240811141623, -0.00,0.00,1.03
20240811141624, -0.00,0.00,1.03
20240811141625, 0.00,0.00,1.03
20240811141626, -0.00,0.00,1.03
20240811141627, -0.00,0.00,1.03
20240811141629, 0.00,-0.00,1.03
20240811141630, -0.00,-0.00,1.03
20240811141631, -0.00,-0.00,1.03
20240811141632, -0.00,0.00,1.03
20240811141634, -0.00,0.00,1.03
20240811141635, -0.00,0.00,1.02
20240811141636, -0.00,0.00,1.03
20240811141637, -0.00,0.00,1.03
20240811141638, -0.00,0.00,1.02
20240811141640, -0.00,0.00,1.02
20240811141641, -0.00,0.00,1.03
20240811141642, -0.00,-0.00,1.03
20240811141643, -0.00,-0.00,1.03
20240811141644, -0.00,0.00,1.03
20240811141645, -0.00,0.00,1.03
20240811141647, -0.00,0.00,1.03
20240811141648, -0.00,0.00,1.03
20240811141649, 0.00,-0.00,1.03
20240811141650, -0.00,0.00,1.03
20240811141651, -0.00,-0.00,1.03
20240811141653, -0.00,0.00,1.03
20240811141654, -0.00,0.00,1.03
20240811141655, 0.00,0.00,1.03
20240811141656, -0.00,0.00,1.02
20240811141658, -0.00,0.00,1.03
20240811141659, -0.00,0.00,1.02
20240811141700, 0.00,0.00,1.03
20240811141701, -0.00,0.00,1.02
20240811141702, 0.00,0.00,1.03
20240811141704, -0.00,0.00,1.03
20240811141705, -0.00,0.00,1.03
20240811141706, -0.00,0.00,1.03
20240811141707, -0.00,0.00,1.03
20240811141708, -0.00,0.00,1.03
20240811141710, -0.00,-0.00,1.03
20240811141711, -0.00,0.00,1.03
20240811141713, -0.00,0.00,1.03
20240811141714, -0.00,0.00,1.03
20240811141715, -0.00,0.00,1.03
20240811141716, -0.00,0.00,1.03
20240811141717, -0.00,0.00,1.03
20240811141719, -0.00,0.00,1.03
20240811141720, -0.00,-0.00,1.02
20240811141721, -0.00,-0.00,1.03
20240811141722, -0.00,0.00,1.03
20240811141723, -0.00,0.00,1.03
20240811141724, -0.00,0.00,1.03
20240811141726, 0.00,-0.00,1.02
20240811141727, -0.00,0.00,1.02
20240811141728, -0.00,0.00,1.02
20240811141729, 0.00,0.00,1.02
20240811141730, -0.00,0.00,1.03
20240811141732, -0.00,0.00,1.03
20240811141733, -0.00,0.00,1.03
20240811141734, -0.00,-0.00,1.03
20240811141735, -0.00,0.00,1.03
20240811141736, -0.00,-0.00,1.03
20240811141738, -0.00,-0.01,1.03
20240811141739, -0.00,-0.00,1.02
20240811141740, -0.00,0.00,1.03
20240811141741, -0.00,0.00,1.03
20240811141742, -0.00,0.00,1.03
20240811141743, -0.00,-0.00,1.02
20240811141745, -0.00,-0.00,1.03
20240811141746, -0.00,0.00,1.03
20240811141747, -0.00,0.00,1.03
20240811141748, -0.00,0.00,1.03
20240811141749, -0.00,0.00,1.02
20240811141751, -0.00,0.00,1.02
20240811141752, -0.00,0.00,1.03
20240811141753, -0.00,0.00,1.03
20240811141754, -0.00,0.00,1.02
20240811141755, -0.00,0.00,1.03
20240811141756, -0.00,0.00,1.03
20240811141758, -0.00,0.00,1.03
20240811141759, -0.00,0.00,1.03
20240811141800, -0.00,0.00,1.03
20240811141801, -0.00,0.00,1.03
20240811141802, -0.00,0.00,1.03
20240811141804, -0.00,0.00,1.02
20240811141805, 0.00,0.00,1.03
20240811141806, -0.00,0.00,1.02
20240811141807, -0.00,0.00,1.03
20240811141808, -0.00,0.00,1.02
20240811141810, -0.00,0.00,1.03
20240811141811, -0.00,-0.00,1.02
20240811141812, -0.00,0.00,1.03
20240811141813, -0.00,0.00,1.03
20240811141814, -0.00,0.00,1.03
20240811141815, -0.00,0.00,1.03
20240811141817, -0.00,0.00,1.02
20240811141818, -0.00,-0.00,1.02
20240811141819, -0.00,0.00,1.02
20240811141820, -0.00,0.00,1.02
20240811141821, -0.00,0.00,1.03
20240811141823, -0.00,0.00,1.02
20240811141824, -0.00,0.00,1.02
20240811141825, -0.00,0.00,1.03
20240811141826, -0.00,0.00,1.03
20240811141827, -0.00,0.00,1.02
20240811141829, -0.00,0.00,1.03
20240811141830, -0.00,0.00,1.02
20240811141831, -0.00,0.00,1.02
20240811141832, -0.00,0.00,1.02
20240811141833, -0.00,0.00,1.02
20240811141835, -0.00,0.00,1.02
20240811141836, -0.00,0.00,1.03
20240811141837, -0.00,0.00,1.03
20240811141838, -0.00,0.00,1.02
20240811141839, -0.00,0.00,1.03
20240811141840, -0.00,0.00,1.03
20240811141842, -0.00,0.00,1.02
20240811141843, -0.00,0.00,1.02
20240811141844, -0.00,0.00,1.03
20240811141845, -0.00,0.00,1.03
20240811141846, -0.00,0.00,1.03
20240811141848, -0.00,0.00,1.03
20240811141849, -0.00,0.00,1.03
20240811141850, -0.00,0.00,1.02
20240811141851, -0.00,0.00,1.03
20240811141852, -0.00,0.00,1.03
20240811141854, -0.00,0.00,1.03
20240811141855, -0.00,0.00,1.03
20240811141856, -0.00,0.00,1.03
20240811141857, -0.00,0.00,1.02
20240811141858, -0.00,0.00,1.02
20240811141900, -0.00,0.00,1.02
20240811141901, -0.00,0.00,1.03
20240811141902, 0.00,-0.00,1.02
20240811141903, -0.00,0.00,1.03
20240811141904, -0.00,-0.00,1.03
20240811141905, 0.00,0.00,1.03
20240811141907, -0.00,-0.00,1.03
20240811141908, -0.00,-0.00,1.03
20240811141909, -0.00,-0.00,1.03
20240811141910, -0.00,-0.00,1.03
20240811141911, -0.00,0.00,1.02
20240811141912, -0.00,0.00,1.02
20240811141914, -0.01,0.00,1.03
20240811141915, 0.00,0.00,1.03
20240811141916, 0.00,0.00,1.02
20240811141917, -0.00,0.00,1.03
20240811141918, -0.00,0.00,1.03
20240811141919, -0.00,0.01,1.03
20240811141921, -0.00,0.00,1.02
20240811141922, -0.00,-0.00,1.03
20240811141923, -0.00,-0.00,1.03
20240811141924, -0.00,0.00,1.03
20240811141925, -0.00,0.00,1.03
20240811141927, -0.00,0.00,1.02
20240811141928, -0.00,0.00,1.03
20240811141929, -0.00,-0.00,1.03
20240811141930, -0.00,-0.00,1.03
20240811141931, -0.00,0.00,1.03
20240811141932, -0.00,0.00,1.03
20240811141934, -0.00,0.00,1.02
20240811141935, -0.00,0.00,1.03
20240811141936, -0.00,0.00,1.02
20240811141937, -0.00,0.00,1.02
20240811141938, -0.00,-0.00,1.02
20240811141939, -0.00,-0.00,1.03
20240811141941, -0.00,0.00,1.03
20240811141942, -0.00,0.00,1.03
20240811141943, -0.00,0.00,1.03
20240811141944, 0.00,0.00,1.03
20240811141945, -0.00,0.00,1.03
20240811141947, 0.00,0.00,1.02
20240811141948, 0.00,0.00,1.02
20240811141949, -0.00,0.00,1.02
20240811141950, -0.00,0.00,1.02
20240811141951, -0.00,-0.00,1.02
20240811141952, 0.00,0.00,1.03
20240811141954, -0.00,0.00,1.02
20240811141955, -0.00,0.00,1.02
20240811141956, -0.00,-0.00,1.03
20240811141957, -0.00,0.00,1.03
20240811141958, -0.00,0.00,1.02
20240811142000, -0.00,0.00,1.03
20240811142001, -0.00,0.00,1.03
20240811142002, -0.00,0.00,1.03
20240811142003, -0.00,0.00,1.03
20240811142004, -0.00,0.00,1.02
20240811142005, -0.00,0.00,1.02
20240811142007, -0.00,-0.00,1.03
20240811142008, -0.00,0.00,1.03
20240811142009, -0.00,0.00,1.02
20240811142010, -0.00,0.00,1.02
20240811142011, -0.00,0.00,1.03
20240811142013, -0.00,0.00,1.03
20240811142014, 0.00,0.00,1.03
20240811142015, -0.00,0.00,1.02
20240811142016, -0.00,0.00,1.03
20240811142018, -0.00,0.00,1.02
20240811142019, -0.00,-0.00,1.03
20240811142020, -0.00,0.00,1.03
20240811142021, -0.00,0.00,1.02
20240811142022, -0.00,0.00,1.02
20240811142024, -0.00,-0.00,1.03
20240811142025, -0.00,0.00,1.02
20240811142026, -0.00,0.00,1.02
20240811142027, -0.00,0.00,1.03
20240811142028, -0.00,0.00,1.02
20240811142029, -0.00,0.00,1.02
20240811142031, -0.00,0.00,1.03
20240811142032, -0.00,0.00,1.02
20240811142033, -0.00,0.00,1.03
20240811142034, -0.00,0.00,1.03
20240811142035, -0.00,0.00,1.03
20240811142037, -0.00,0.00,1.02
20240811142038, -0.00,0.00,1.03
20240811142039, -0.00,0.00,1.03
20240811142040, -0.00,0.00,1.03
20240811142041, -0.00,0.00,1.03
20240811142042, -0.00,0.00,1.03
20240811142044, -0.00,-0.00,1.03
20240811142045, -0.00,0.00,1.02
20240811142046, -0.00,0.00,1.02
20240811142047, 0.00,-0.00,1.02
20240811142048, -0.00,-0.00,1.03
20240811142050, -0.00,-0.00,1.02
20240811142051, -0.00,-0.00,1.02
20240811142052, -0.00,0.00,1.03
20240811142053, -0.00,0.00,1.03
20240811142054, -0.00,-0.00,1.02
20240811142056, -0.01,-0.91,0.45
20240811142057, -0.01,-0.90,0.47
20240811142058, -0.01,-0.82,0.60
20240811142059, -0.07,0.24,1.11
20240811142101, 0.00,0.95,0.32
20240811142102, -0.36,0.36,0.82
20240811142103, -0.68,0.11,0.74
20240811142104, -0.71,0.22,0.75
20240811142106, 0.62,-0.26,0.66
20240811142107, 0.52,-0.17,0.80
20240811142108, 0.10,0.13,0.99
20240811142109, -0.20,-0.15,1.15
20240811142110, 0.14,0.02,1.05
20240811142111, 0.00,-0.00,1.02
20240811142113, -0.00,0.00,1.03
20240811142114, 0.00,-0.00,1.03
20240811142115, -0.00,0.00,1.02
20240811142116, 0.00,0.00,1.03
20240811142117, -0.00,0.00,1.03
20240811142119, 0.00,-0.00,1.02
20240811142120, -0.00,-0.00,1.02
20240811142121, -0.00,0.00,1.02
20240811142122, -0.00,0.00,1.03
20240811142123, -0.00,-0.00,1.03
20240811142124, 0.00,0.00,1.03
20240811142126, -0.00,0.00,1.03
20240811142127, 0.00,0.00,1.03
20240811142128, -0.00,0.00,1.03
20240811142129, -0.00,-0.00,1.03
20240811142130, 0.00,0.00,1.02
20240811142132, -0.00,-0.00,1.03
20240811142133, -0.00,0.00,1.03
20240811142134, -0.00,0.00,1.03
20240811142135, -0.00,0.00,1.03
20240811142136, -0.00,0.00,1.03
20240811142137, 0.00,-0.00,1.03
20240811142139, -0.00,-0.00,1.03
20240811142140, -0.00,0.00,1.03
20240811142141, -0.00,-0.00,1.03
20240811142142, 0.00,0.00,1.03
20240811142143, -0.00,-0.00,1.03
20240811142145, -0.00,0.00,1.03
20240811142146, -0.00,0.00,1.03
20240811142147, -0.00,0.00,1.03
20240811142148, 0.00,0.00,1.03
20240811142149, -0.00,0.00,1.03
20240811142150, -0.00,0.00,1.03
20240811142152, -0.00,0.00,1.03
20240811142153, 0.00,0.00,1.03
20240811142154, 0.00,0.00,1.03
20240811142155, -0.00,0.00,1.03
20240811142156, -0.00,-0.00,1.03
20240811142158, -0.00,-0.00,1.03
20240811142159, -0.00,0.00,1.03
20240811142200, -0.00,0.00,1.02
20240811142201, 0.00,0.00,1.03
20240811142203, 0.00,-0.00,1.02
20240811142204, -0.00,-0.00,1.03
20240811142205, -0.00,0.00,1.03
20240811142206, -0.00,-0.00,1.03
20240811142207, -0.00,0.00,1.03
20240811142208, -0.00,0.00,1.03
20240811142210, 0.00,0.00,1.03
20240811142211, -0.00,0.00,1.03
20240811142212, -0.00,0.00,1.02
20240811142213, -0.00,0.00,1.03
20240811142214, 0.00,0.00,1.02
20240811142216, -0.00,-0.00,1.03
20240811142217, 0.00,-0.00,1.03
20240811142218, -0.00,-0.00,1.03
20240811142219, -0.00,-0.00,1.03
20240811142220, -0.00,0.00,1.03
20240811142221, -0.00,0.00,1.03
20240811142223, -0.00,-0.00,1.03
20240811142224, -0.00,-0.00,1.03
20240811142225, 0.00,0.00,1.02
20240811142226, -0.00,0.00,1.02
20240811142227, 0.00,0.00,1.02
20240811142229, 0.00,-0.00,1.03
20240811142230, -0.00,-0.00,1.03
20240811142231, -0.00,-0.00,1.03
20240811142232, -0.00,0.00,1.03
20240811142233, -0.00,0.00,1.03
20240811142235, 0.00,-0.00,1.03
20240811142236, -0.00,-0.00,1.03
20240811142237, -0.00,0.00,1.03
20240811142238, 0.00,-0.00,1.03
20240811142240, 0.00,0.00,1.03
20240811142241, -0.00,-0.00,1.03
20240811142242, -0.00,-0.00,1.02
20240811142243, -0.00,-0.00,1.03
20240811142244, 0.00,-0.00,1.03
20240811142245, 0.00,-0.00,1.03
20240811142247, -0.00,-0.03,1.02
20240811142248, -0.00,-0.00,1.03
20240811142249, -0.00,0.00,1.02
20240811142250, -0.00,0.00,1.02
20240811142251, 0.00,0.00,1.03
20240811142253, -0.00,-0.00,1.02
20240811142254, 0.00,-0.00,1.03
20240811142255, -0.00,-0.00,1.03
20240811142256, -0.00,0.00,1.03
20240811142258, 0.00,-0.00,1.03
20240811142259, -0.00,0.00,1.02
20240811142300, -0.00,0.00,1.03
20240811142301, 0.00,0.00,1.03
20240811142302, -0.00,0.00,1.03
20240811142304, 0.00,0.00,1.03
20240811142305, -0.00,0.00,1.03
20240811142306, -0.00,0.00,1.03
20240811142307, -0.00,-0.00,1.02
20240811142308, -0.00,-0.00,1.03
20240811142310, -0.00,-0.00,1.02
20240811142311, -0.00,-0.00,1.03
20240811142312, -0.00,0.00,1.02
20240811142313, 0.00,-0.00,1.03
20240811142314, 0.00,-0.00,1.03
20240811142316, -0.00,0.00,1.03
20240811142317, -0.00,0.00,1.03
20240811142318, -0.00,0.00,1.02
20240811142319, -0.00,0.00,1.03
20240811142321, -0.00,0.00,1.03
20240811142322, -0.00,-0.00,1.03
20240811142323, -0.01,0.00,1.03
20240811142324, 0.01,0.00,1.03
20240811142325, -0.00,0.00,1.03
20240811142327, -0.00,-0.00,1.02
20240811142328, -0.00,-0.00,1.03
20240811142329, -0.00,-0.00,1.02
20240811142330, -0.00,0.00,1.03
20240811142332, -0.00,-0.00,1.03
20240811142333, -0.00,0.00,1.03
20240811142334, -0.00,0.00,1.03
20240811142335, -0.00,0.00,1.03
20240811142336, 0.00,-0.00,1.03
20240811142338, 0.00,0.00,1.03
20240811142339, -0.00,0.00,1.02
20240811142340, -0.00,-0.00,1.02
20240811142341, -0.00,0.00,1.03
20240811142342, -0.00,-0.00,1.02
20240811142344, -0.00,0.00,1.03
20240811142345, -0.00,0.00,1.03
20240811142346, 0.00,0.00,1.03
20240811142347, -0.00,-0.00,1.03
20240811142348, 0.00,0.00,1.03
20240811142350, -0.00,0.00,1.03
20240811142351, -0.00,0.00,1.03
20240811142352, 0.00,0.00,1.03
20240811142353, -0.00,-0.00,1.03
20240811142355, -0.00,-0.00,1.03
20240811142356, 0.00,0.00,1.03
20240811142357, -0.00,0.00,1.02
20240811142358, -0.00,-0.00,1.02
20240811142359, -0.00,-0.00,1.02
20240811142401, 0.00,0.00,1.02
20240811142402, 0.00,0.00,1.02
20240811142403, 0.03,-0.00,1.03
20240811142404, 0.00,-0.00,1.02
20240811142405, -0.00,0.00,1.02
20240811142407, -0.00,-0.00,1.02
20240811142408, 0.00,0.00,1.03
20240811142409, -0.00,0.00,1.03
20240811142410, -0.00,0.00,1.03
20240811142412, 0.00,0.00,1.03
20240811142413, -0.00,-0.00,1.03
20240811142414, 0.00,-0.00,1.03
20240811142415, -0.00,-0.00,1.03
20240811142416, -0.00,0.00,1.02
20240811142418, -0.00,0.00,1.03
20240811142419, -0.00,0.00,1.03
20240811142420, -0.00,-0.00,1.03
20240811142421, 0.00,0.00,1.03
20240811142423, 0.00,-0.00,1.02
20240811142424, -0.00,-0.00,1.02
20240811142425, 0.00,0.00,1.03
20240811142426, 0.00,0.00,1.03
20240811142427, -0.00,-0.00,1.03
20240811142429, -0.00,-0.00,1.03
20240811142430, -0.00,0.00,1.03
20240811142431, 0.00,0.00,1.02
20240811142432, -0.00,0.00,1.03
20240811142433, -0.00,0.00,1.03
20240811142435, 0.00,-0.00,1.03
20240811142436, -0.00,-0.00,1.03
20240811142437, 0.00,0.00,1.03
20240811142438, -0.00,0.00,1.03
20240811142440, 0.00,0.00,1.03
20240811142441, -0.00,0.00,1.03
20240811142442, -0.00,-0.00,1.02
20240811142443, -0.00,-0.00,1.03
20240811142444, 0.00,-0.00,1.03
20240811142446, -0.00,0.00,1.02
20240811142447, -0.00,-0.00,1.02
20240811142448, -0.00,0.00,1.03
20240811142449, 0.00,0.00,1.03
20240811142451, -0.00,0.00,1.02
20240811142452, -0.00,0.00,1.03
20240811142453, -0.00,0.00,1.03
20240811142454, -0.00,0.00,1.03
20240811142456, 0.00,0.00,1.03
20240811142457, -0.00,-0.00,1.03
20240811142458, -0.00,-0.00,1.03
20240811142459, -0.00,0.00,1.03
20240811142501, -0.00,0.00,1.03
20240811142502, -0.00,0.00,1.03
20240811142503, -0.00,-0.00,1.03
20240811142504, 0.00,-0.00,1.03
20240811142506, -0.00,-0.00,1.03
20240811142507, -0.00,-0.00,1.03
20240811142508, -0.00,0.00,1.03
20240811142509, 0.00,0.00,1.03
20240811142510, -0.00,-0.00,1.03
20240811142512, -0.00,-0.00,1.03
20240811142513, -0.00,0.00,1.03
20240811142514, 0.00,0.00,1.02
20240811142515, -0.00,0.00,1.03
20240811142517, 0.00,-0.00,1.03
20240811142518, -0.00,0.00,1.03
20240811142519, -0.00,0.00,1.03
20240811142521, -0.00,0.00,1.02
20240811142522, -0.00,-0.00,1.03
20240811142523, -0.00,0.00,1.03
20240811142524, -0.00,0.00,1.03
20240811142525, 0.00,0.00,1.03
20240811142527, -0.00,0.00,1.03
20240811142528, -0.00,-0.00,1.03
20240811142529, 0.00,0.01,1.03
20240811142530, -0.00,0.00,1.03
20240811142532, -0.00,-0.00,1.02
20240811142533, -0.00,-0.00,1.03
20240811142534, -0.00,-0.00,1.02
20240811142535, 0.00,0.00,1.02
20240811142536, -0.00,0.00,1.02
20240811142538, -0.00,-0.00,1.03
20240811142539, -0.00,-0.00,1.03
20240811142540, -0.00,-0.00,1.03
20240811142541, -0.00,-0.00,1.02
20240811142543, -0.00,-0.00,1.03
20240811142544, -0.00,0.00,1.03
20240811142545, -0.00,0.00,1.03
20240811142546, -0.00,-0.00,1.03
20240811142547, 0.00,0.00,1.03
20240811142549, -0.00,0.00,1.03
20240811142550, -0.00,0.00,1.03
20240811142551, -0.00,0.00,1.03
20240811142552, -0.00,-0.00,1.03
20240811142553, -0.00,-0.00,1.03
20240811142555, -0.00,0.00,1.02
20240811142556, -0.00,-0.00,1.02
20240811142557, -0.00,-0.00,1.03
20240811142558, 0.00,-0.00,1.03
20240811142600, 0.00,-0.00,1.02
20240811142601, -0.00,-0.00,1.02
20240811142602, -0.00,-0.00,1.03
20240811142603, -0.00,0.00,1.03
20240811142604, -0.00,0.00,1.02
20240811142606, -0.00,-0.00,1.03
20240811142607, -0.00,-0.00,1.03
20240811142608, -0.00,-0.00,1.02
20240811142609, -0.00,-0.00,1.03
20240811142611, -0.00,-0.00,1.03
20240811142612, -0.00,-0.00,1.03
20240811142613, -0.00,-0.00,1.03
20240811142614, 0.00,-0.00,1.02
20240811142615, -0.00,-0.00,1.03
20240811142617, -0.00,0.00,1.03
20240811142618, -0.00,-0.00,1.02
20240811142619, -0.00,0.00,1.02
20240811142620, -0.00,0.00,1.02
20240811142622, -0.00,0.00,1.03
20240811142623, -0.00,0.00,1.02
20240811142624, -0.00,-0.00,1.03
20240811142625, -0.00,-0.00,1.02
20240811142626, -0.00,-0.00,1.03
20240811142628, 0.00,-0.00,1.03
20240811142629, -0.00,0.00,1.02
20240811142630, -0.00,-0.00,1.03
20240811142631, -0.00,-0.00,1.03
20240811142633, -0.00,-0.00,1.03
20240811142634, -0.00,-0.00,1.03
20240811142635, -0.00,-0.00,1.03
20240811142636, 0.00,-0.00,1.02
20240811142637, -0.00,0.00,1.03
20240811142639, -0.00,-0.00,1.03
20240811142640, -0.00,-0.00,1.02
20240811142641, -0.00,-0.00,1.03
20240811142642, -0.00,0.00,1.03
20240811142644, -0.00,-0.00,1.03
20240811142645, -0.00,-0.00,1.03
20240811142646, -0.00,0.00,1.03
20240811142647, -0.00,-0.00,1.03
20240811142648, -0.00,0.00,1.02
20240811142650, -0.00,0.00,1.03
20240811142651, -0.00,-0.00,1.02
20240811142652, 0.00,0.00,1.03
20240811142653, -0.00,-0.00,1.02
20240811142655, -0.00,-0.00,1.03
20240811142656, -0.00,0.00,1.03
20240811142657, -0.00,0.00,1.03
20240811142658, -0.00,-0.00,1.03
20240811142700, -0.00,-0.00,1.02
20240811142701, 0.00,-0.00,1.02
20240811142702, -0.00,0.00,1.03
20240811142703, -0.00,-0.00,1.03
20240811142705, -0.00,-0.00,1.03
20240811142706, -0.00,-0.00,1.03
20240811142707, -0.00,0.00,1.03
20240811142708, -0.00,-0.00,1.03
20240811142709, -0.00,-0.00,1.03
20240811142711, -0.00,-0.00,1.03
20240811142712, -0.00,0.00,1.02
20240811142713, -0.00,-0.00,1.02
20240811142714, -0.00,0.00,1.03
20240811142716, 0.00,-0.00,1.02
20240811142717, -0.00,-0.00,1.03
20240811142718, -0.00,-0.00,1.03
20240811142719, -0.00,0.00,1.03
20240811142720, 0.00,-0.00,1.03
20240811142722, -0.00,0.00,1.03
20240811142723, -0.00,-0.00,1.03
20240811142724, -0.00,-0.00,1.03
20240811142725, 0.00,0.00,1.03
20240811142727, -0.00,-0.00,1.03
20240811142728, -0.00,0.00,1.03
20240811142729, -0.00,-0.00,1.03
20240811142730, -0.00,-0.00,1.03
20240811142731, -0.00,-0.00,1.03
20240811142733, -0.00,-0.00,1.03
20240811142734, -0.00,-0.00,1.03
20240811142735, -0.00,0.00,1.03
20240811142736, 0.00,-0.00,1.02
20240811142738, -0.00,-0.00,1.03
20240811142739, -0.00,-0.00,1.03
20240811142740, 0.00,0.00,1.03
20240811142741, -0.00,-0.00,1.03
20240811142743, -0.00,0.00,1.03
20240811142744, -0.00,0.00,1.03
20240811142745, -0.00,-0.00,1.03
20240811142746, -0.00,-0.00,1.03
20240811142747, -0.00,0.00,1.03
20240811142749, -0.00,-0.00,1.03
20240811142750, -0.00,0.00,1.02
20240811142751, -0.00,-0.03,1.03
20240811142752, 0.00,-0.00,1.02
20240811142754, 0.00,-0.00,1.03
20240811142755, -0.00,-0.00,1.02
20240811142756, -0.00,-0.00,1.02
20240811142758, -0.00,0.00,1.03
20240811142759, -0.00,-0.00,1.02
20240811142800, 0.00,-0.00,1.03
20240811142801, -0.00,-0.00,1.03
20240811142803, -0.00,0.00,1.02
20240811142804, 0.00,-0.00,1.03
20240811142805, -0.00,-0.00,1.02
20240811142806, -0.00,-0.00,1.03
20240811142807, 0.00,0.00,1.03
20240811142809, -0.00,0.00,1.03
20240811142810, -0.00,-0.00,1.02
20240811142811, -0.00,0.00,1.03
20240811142812, -0.00,-0.00,1.03
20240811142814, -0.00,0.00,1.03
20240811142815, 0.00,-0.00,1.03
20240811142816, -0.00,-0.00,1.03
20240811142817, -0.00,-0.00,1.03
20240811142818, -0.00,-0.00,1.02
20240811142820, -0.00,-0.00,1.02
20240811142821, -0.00,-0.00,1.03
20240811142822, -0.00,-0.00,1.03
20240811142823, -0.00,-0.00,1.03
20240811142825, -0.00,0.00,1.03
20240811142826, -0.00,0.00,1.03
20240811142827, -0.00,0.00,1.03
20240811142828, -0.00,-0.00,1.03
20240811142830, -0.00,-0.00,1.03
20240811142831, -0.00,-0.00,1.03
20240811142832, -0.00,-0.00,1.03
20240811142833, -0.00,-0.00,1.03
20240811142835, -0.00,0.00,1.02
20240811142836, -0.00,-0.00,1.02
20240811142837, 0.00,-0.00,1.02
20240811142838, -0.00,-0.00,1.03
20240811142839, -0.00,-0.00,1.02
20240811142841, -0.00,-0.00,1.02
20240811142842, -0.00,-0.00,1.03
20240811142843, 0.00,0.00,1.03
20240811142844, -0.00,0.00,1.03
20240811142846, -0.00,0.00,1.02
20240811142847, -0.00,-0.00,1.03
20240811142848, 0.00,-0.00,1.02
20240811142849, -0.00,0.00,1.03
20240811142851, -0.00,-0.00,1.03
20240811142852, -0.00,0.00,1.02
20240811142853, -0.00,0.00,1.03
20240811142854, -0.00,-0.00,1.03
20240811142855, -0.00,-0.00,1.03
20240811142857, -0.00,-0.00,1.03
20240811142858, -0.00,-0.00,1.03
20240811142859, 0.00,0.00,1.02
20240811142900, -0.00,-0.00,1.02
20240811142902, -0.00,-0.00,1.03
20240811142903, -0.00,-0.00,1.02
20240811142905, -0.00,-0.00,1.03
20240811142906, 0.00,0.00,1.03
20240811142907, -0.00,-0.00,1.03
20240811142908, -0.00,-0.00,1.03
20240811142910, -0.00,-0.00,1.02
20240811142911, -0.00,-0.01,1.02
20240811142912, 0.00,-0.01,1.03
20240811142914, 0.00,-0.00,1.03
20240811142915, 0.00,0.00,1.03
20240811142916, -0.00,-0.00,1.03
20240811142917, -0.00,0.00,1.03
20240811142919, 0.00,-0.00,1.03
20240811142920, -0.00,-0.00,1.03
20240811142921, -0.00,-0.00,1.02
20240811142922, -0.00,-0.00,1.03
20240811142924, 0.00,0.00,1.03
20240811142925, -0.00,-0.00,1.03
20240811142926, -0.00,-0.00,1.03
20240811142927, -0.00,-0.00,1.02
20240811142928, -0.00,-0.00,1.02
20240811142930, -0.00,-0.00,1.02
20240811142931, -0.00,-0.00,1.03
20240811142933, -0.00,0.00,1.03
20240811142934, 0.00,-0.00,1.02
20240811142935, -0.00,0.00,1.03
20240811142936, -0.00,0.00,1.02
20240811142937, -0.00,-0.00,1.03
20240811142939, 0.00,-0.00,1.03
20240811142940, -0.00,-0.00,1.03
20240811142941, -0.00,-0.00,1.03
20240811142942, -0.00,0.00,1.03
20240811142944, -0.00,0.00,1.02
20240811142945, -0.00,-0.00,1.03
20240811142946, -0.00,-0.00,1.03
20240811142947, -0.00,-0.00,1.03
20240811142949, -0.00,-0.00,1.03
20240811142950, -0.00,0.00,1.02
20240811142951, -0.00,0.00,1.03
20240811142952, 0.00,0.00,1.03
20240811142953, 0.00,-0.00,1.03
20240811142955, -0.00,0.00,1.03
20240811142956, -0.00,0.00,1.03
20240811142957, 0.00,-0.00,1.03
20240811142958, 0.00,-0.00,1.03
20240811143000, 0.00,0.00,1.03
20240811143001, -0.00,0.00,1.03
20240811143002, -0.00,-0.00,1.03
20240811143003, 0.00,-0.00,1.03
20240811143004, 0.00,-0.00,1.03
20240811143006, 0.00,-0.00,1.03
20240811143007, -0.00,0.00,1.03
20240811143008, 0.00,-0.00,1.02
20240811143009, -0.00,-0.00,1.02
20240811143011, -0.00,0.00,1.03
20240811143012, -0.00,0.00,1.02
20240811143013, -0.00,0.00,1.03
20240811143014, 0.00,0.00,1.03
20240811143016, -0.00,0.00,1.03
20240811143017, 0.00,0.00,1.03
20240811143018, -0.00,-0.00,1.03
20240811143019, 0.00,0.00,1.03
20240811143020, 0.00,-0.00,1.03
20240811143022, -0.00,0.00,1.03
20240811143023, 0.00,-0.00,1.03
20240811143024, 0.00,0.00,1.02
20240811143025, -0.00,-0.00,1.03
20240811143027, -0.00,0.00,1.03
20240811143028, -0.00,0.00,1.03
20240811143029, -0.00,-0.00,1.03
20240811143030, -0.00,-0.00,1.03
20240811143032, -0.00,-0.00,1.03
20240811143033, -0.00,-0.00,1.03
20240811143034, -0.00,-0.00,1.03
20240811143035, -0.00,-0.00,1.02
20240811143036, -0.00,-0.00,1.03
20240811143038, -0.00,-0.00,1.03
20240811143039, -0.00,0.00,1.02
20240811143040, -0.00,-0.00,1.03
20240811143041, 0.00,-0.00,1.03
20240811143043, -0.00,0.00,1.03
20240811143044, -0.00,-0.00,1.03
20240811143045, -0.00,0.00,1.03
20240811143046, -0.00,-0.00,1.03
20240811143048, -0.00,-0.00,1.02
20240811143049, -0.00,-0.00,1.03
20240811143050, -0.00,-0.00,1.03
20240811143051, -0.00,-0.00,1.02
20240811143053, -0.00,-0.00,1.02
20240811143054, -0.00,0.00,1.03
20240811143055, -0.00,-0.00,1.03
20240811143056, -0.00,-0.00,1.03
20240811143057, -0.00,-0.00,1.03
20240811143059, -0.00,-0.00,1.03
20240811143100, -0.00,-0.00,1.03
20240811143101, -0.00,-0.00,1.03
20240811143102, -0.00,-0.00,1.03
20240811143104, -0.00,0.00,1.03
20240811143105, -0.00,-0.00,1.03
20240811143106, -0.00,-0.00,1.03
20240811143108, -0.00,0.00,1.03
20240811143109, -0.00,-0.00,1.03
20240811143110, -0.00,0.00,1.03
20240811143111, -0.00,-0.00,1.03
20240811143113, 0.00,-0.00,1.02
20240811143114, -0.00,-0.00,1.03
20240811143115, -0.00,-0.00,1.03
20240811143116, -0.00,0.00,1.03
20240811143118, -0.00,0.00,1.02
20240811143119, 0.00,0.00,1.03
20240811143120, -0.00,-0.00,1.03
20240811143121, -0.00,-0.00,1.03
20240811143123, -0.00,0.00,1.03
20240811143124, -0.00,0.00,1.02
20240811143125, -0.00,-0.00,1.03
20240811143126, -0.00,0.00,1.03
20240811143128, -0.00,-0.00,1.02
20240811143129, 0.00,0.00,1.03
20240811143130, -0.00,0.00,1.03
20240811143131, -0.00,0.00,1.03
20240811143133, -0.00,-0.00,1.03
20240811143134, 0.00,0.00,1.03
20240811143135, -0.00,0.00,1.03
20240811143136, -0.00,0.00,1.03
20240811143138, -0.00,-0.00,1.02
20240811143139, -0.00,-0.00,1.03
20240811143140, -0.00,0.00,1.03
20240811143141, -0.00,0.00,1.03
20240811143142, -0.00,0.00,1.03
20240811143144, 0.00,0.00,1.03
20240811143145, -0.00,-0.00,1.03
20240811143146, -0.00,-0.00,1.03
20240811143147, -0.00,0.00,1.03
20240811143149, -0.00,-0.00,1.03
20240811143150, -0.00,-0.00,1.03
20240811143151, -0.00,-0.00,1.03
20240811143152, -0.00,0.00,1.03
20240811143154, -0.00,0.00,1.03
20240811143155, -0.00,0.00,1.03
20240811143156, -0.00,0.00,1.03
20240811143157, -0.00,0.00,1.02
20240811143159, -0.00,0.00,1.03
20240811143200, -0.00,-0.00,1.03
20240811143201, -0.00,0.00,1.02
20240811143202, -0.00,-0.00,1.03
20240811143204, 0.00,0.00,1.02
20240811143205, -0.00,0.00,1.03
20240811143206, -0.00,-0.00,1.02
20240811143207, -0.00,0.00,1.03
20240811143209, 0.00,0.00,1.02
20240811143210, -0.00,0.00,1.03
20240811143211, -0.00,0.00,1.03
20240811143212, 0.00,0.00,1.03
20240811143214, -0.00,-0.00,1.03
20240811143215, -0.00,-0.00,1.03
20240811143216, -0.00,0.00,1.03
20240811143217, -0.00,0.00,1.03
20240811143218, -0.00,-0.00,1.03
20240811143220, -0.00,-0.00,1.02
20240811143221, -0.00,-0.00,1.03
20240811143222, -0.00,0.00,1.03
20240811143223, -0.00,-0.00,1.03
20240811143225, -0.00,-0.00,1.03
20240811143226, -0.00,-0.00,1.02
20240811143227, -0.00,-0.00,1.02
20240811143228, -0.00,-0.00,1.03
20240811143230, -0.00,0.00,1.03
20240811143231, 0.00,-0.00,1.03
20240811143232, -0.00,-0.00,1.03
20240811143233, 0.00,0.00,1.02
20240811143235, 0.00,0.00,1.02
20240811143236, -0.00,0.00,1.02
20240811143237, 0.00,0.00,1.02
20240811143238, 0.00,-0.01,1.02
20240811143240, -0.00,-0.00,1.02
20240811143241, 0.00,0.00,1.03
20240811143242, 0.00,-0.00,1.03
20240811143243, -0.00,0.00,1.03
20240811143245, -0.00,-0.00,1.03
20240811143247, 0.00,-0.01,1.03
20240811143248, -0.00,-0.00,1.02
20240811143250, 0.00,-0.00,1.03
20240811143251, 0.00,0.00,1.03
20240811143252, -0.00,0.00,1.03
20240811143253, -0.00,0.00,1.03
20240811143255, -0.00,0.00,1.03
20240811143256, -0.00,-0.00,1.02
20240811143257, -0.00,-0.01,1.02
20240811143258, -0.00,-0.00,1.03
20240811143300, -0.00,0.00,1.03
20240811143301, 0.00,0.00,1.03
20240811143302, 0.00,0.00,1.03
20240811143303, 0.00,-0.00,1.02
20240811143305, -0.00,-0.00,1.03
20240811143306, -0.00,-0.00,1.03
20240811143307, -0.00,0.00,1.03
20240811143308, -0.00,0.00,1.03
20240811143310, -0.01,0.02,1.12
20240811143311, 0.03,-0.97,-0.14
20240811143312, -0.18,0.31,0.78
20240811143314, -0.02,1.07,0.08
20240811143315, 0.87,-0.12,0.18
20240811143316, -0.21,0.08,0.99
20240811143317, -1.06,0.08,0.13
20240811143319, -0.87,0.53,0.38
20240811143320, -0.20,0.23,1.05
20240811143321, -0.21,0.10,0.90
20240811143322, 0.02,0.19,1.04
20240811143324, 0.57,-0.25,0.32
20240811143325, 0.05,-1.00,0.50
20240811143326, 0.10,0.17,1.05
20240811143327, 0.02,0.04,1.02
20240811143329, -0.00,0.00,1.02
20240811143330, -0.01,0.00,1.02
20240811143331, -0.00,-0.00,1.02
20240811143332, -0.00,-0.00,1.03
20240811143334, -0.00,-0.00,1.03
20240811143335, -0.00,0.00,1.03
20240811143336, -0.00,0.00,1.03
20240811143337, -0.00,0.00,1.03
20240811143339, -0.00,0.00,1.03
20240811143340, -0.00,0.00,1.03
20240811143341, -0.00,0.00,1.03
20240811143342, -0.00,0.00,1.03
20240811143344, -0.00,0.00,1.03
20240811143345, -0.00,0.00,1.03
20240811143346, -0.00,0.00,1.02
20240811143347, -0.00,0.00,1.02
20240811143349, -0.00,0.00,1.02
20240811143350, -0.00,0.00,1.02
20240811143351, -0.00,0.00,1.02
20240811143352, -0.00,0.00,1.02
20240811143353, -0.00,0.00,1.02
20240811143355, -0.00,0.00,1.03
20240811143356, -0.00,0.00,1.02
20240811143357, -0.00,0.00,1.02
20240811143358, -0.00,0.00,1.02
20240811143400, -0.00,0.00,1.02
20240811143401, -0.00,0.00,1.03
20240811143402, -0.00,0.00,1.03
20240811143403, -0.00,0.00,1.03
20240811143405, -0.00,0.00,1.03
20240811143406, -0.00,0.00,1.02
20240811143407, -0.00,0.00,1.02
20240811143408, -0.00,0.00,1.03
20240811143410, -0.00,0.00,1.03
20240811143411, -0.00,0.00,1.02
20240811143412, -0.00,0.00,1.02
20240811143413, -0.00,0.00,1.02
20240811143415, -0.00,0.00,1.02
20240811143416, -0.00,0.00,1.03
20240811143417, -0.00,0.00,1.02
20240811143418, -0.00,0.00,1.02
20240811143420, -0.00,0.00,1.02
20240811143421, -0.00,0.00,1.02
20240811143422, -0.00,0.00,1.02
20240811143423, -0.00,0.00,1.02
20240811143425, -0.00,0.00,1.03
20240811143426, -0.00,0.00,1.02
20240811143427, -0.00,0.00,1.03
20240811143428, -0.00,0.00,1.02
20240811143430, -0.00,0.00,1.02
20240811143431, -0.00,0.00,1.03
20240811143432, -0.00,0.00,1.03
20240811143433, -0.00,0.00,1.02
20240811143435, -0.00,0.00,1.02
20240811143436, -0.00,0.00,1.02
20240811143437, -0.00,0.00,1.02
20240811143438, -0.00,0.00,1.03
20240811143440, -0.00,0.00,1.02
20240811143441, -0.00,0.00,1.03
20240811143442, -0.00,0.00,1.02
20240811143443, -0.00,0.00,1.02
20240811143445, -0.00,0.00,1.03
20240811143446, -0.00,0.00,1.02
20240811143447, -0.00,0.00,1.02
20240811143448, -0.00,0.00,1.02
20240811143450, -0.00,0.00,1.02
20240811143451, -0.00,0.00,1.03
20240811143452, -0.00,0.00,1.02
20240811143453, -0.00,0.00,1.02
20240811143455, -0.00,0.00,1.02
20240811143456, -0.00,0.00,1.02
20240811143457, -0.00,0.00,1.02
20240811143458, -0.00,0.00,1.02
20240811143500, -0.00,0.00,1.03
20240811143501, -0.00,0.00,1.03
20240811143502, -0.00,0.00,1.03
20240811143504, -0.00,0.00,1.03
20240811143505, -0.00,0.00,1.02
20240811143506, -0.00,0.00,1.02
20240811143507, -0.00,0.00,1.02
20240811143508, -0.00,0.00,1.02
20240811143510, -0.00,0.00,1.02
20240811143511, -0.00,0.00,1.03
20240811143512, -0.00,0.00,1.02
20240811143513, -0.00,0.00,1.03
20240811143515, -0.00,0.00,1.03
20240811143516, -0.00,0.00,1.03
20240811143517, -0.00,0.00,1.03
20240811143519, -0.00,0.00,1.03
20240811143520, -0.00,0.00,1.03
20240811143521, -0.00,0.00,1.03
20240811143523, -0.00,0.00,1.02
20240811143524, -0.00,0.00,1.03
20240811143525, -0.00,0.00,1.02
20240811143526, -0.00,0.00,1.02
20240811143528, -0.00,0.00,1.02
20240811143529, -0.00,0.00,1.02
20240811143530, -0.00,0.00,1.03
20240811143531, -0.00,0.00,1.02
20240811143533, -0.00,0.00,1.02
20240811143534, -0.00,0.00,1.02
20240811143535, -0.00,0.00,1.03
20240811143537, -0.00,0.00,1.02
20240811143538, -0.00,0.00,1.02
20240811143539, -0.00,0.00,1.02
20240811143540, -0.00,0.00,1.02
20240811143542, -0.00,0.00,1.02
20240811143543, -0.00,0.00,1.03
20240811143544, -0.00,0.00,1.02
20240811143545, -0.00,0.00,1.02
20240811143547, -0.00,0.00,1.02
20240811143548, -0.00,0.00,1.03
20240811143549, -0.00,0.00,1.03
20240811143550, -0.00,0.00,1.03
20240811143552, -0.00,0.00,1.02
20240811143553, -0.00,0.00,1.03
20240811143554, -0.00,0.00,1.02
20240811143555, -0.00,0.00,1.03
20240811143558, -0.00,0.00,1.03
20240811143559, -0.00,0.00,1.02
20240811143600, -0.00,0.00,1.02
20240811143601, -0.00,0.00,1.02
20240811143603, -0.00,0.00,1.02
20240811143604, -0.00,0.00,1.02
20240811143605, -0.00,0.00,1.02
20240811143606, -0.00,0.00,1.02
20240811143608, -0.00,0.00,1.02
20240811143609, -0.00,0.00,1.02
20240811143610, -0.00,0.00,1.03
20240811143611, -0.00,0.00,1.03
20240811143613, -0.00,0.00,1.02
20240811143614, -0.00,0.00,1.02
20240811143615, -0.00,0.00,1.02
20240811143616, -0.00,0.00,1.02
20240811143618, -0.00,0.00,1.02
20240811143619, -0.00,0.00,1.02
20240811143620, -0.00,0.00,1.03
20240811143621, -0.00,0.00,1.02
20240811143623, -0.00,0.00,1.02
20240811143624, -0.00,0.00,1.03
20240811143625, -0.00,0.00,1.02
20240811143626, -0.00,0.00,1.03
20240811143628, -0.00,0.00,1.03
20240811143629, -0.00,0.00,1.03
20240811143630, -0.00,0.00,1.03
20240811143631, -0.00,0.00,1.02
20240811143633, -0.00,0.00,1.03
20240811143634, -0.00,0.00,1.02
20240811143635, -0.00,0.00,1.02
20240811143636, -0.00,0.00,1.02
20240811143638, -0.00,0.00,1.02
20240811143639, -0.00,0.00,1.03
20240811143640, -0.00,0.00,1.03
20240811143641, -0.00,0.00,1.02
20240811143643, -0.00,0.00,1.03
20240811143644, -0.00,0.00,1.03
20240811143645, -0.00,0.00,1.02
20240811143646, -0.00,0.00,1.03
20240811143648, -0.00,0.00,1.03
20240811143649, -0.00,0.00,1.03
20240811143650, -0.00,0.00,1.03
20240811143651, -0.00,0.00,1.02
20240811143653, -0.00,0.00,1.02
20240811143654, -0.00,0.00,1.03
20240811143655, -0.00,0.00,1.03
20240811143657, -0.00,0.00,1.03
20240811143658, -0.00,0.00,1.03
20240811143659, -0.00,0.00,1.03
20240811143700, -0.00,0.00,1.03
20240811143702, -0.00,0.00,1.03
20240811143703, -0.00,0.00,1.02
20240811143704, -0.00,0.00,1.03
20240811143705, -0.00,0.00,1.03
20240811143707, -0.00,0.00,1.03
20240811143708, -0.00,0.00,1.03
20240811143709, -0.00,0.00,1.03
20240811143710, -0.00,0.00,1.03
20240811143712, -0.00,0.00,1.03
20240811143713, -0.00,0.00,1.03
20240811143714, -0.00,0.00,1.03
20240811143715, -0.00,0.00,1.03
20240811143717, -0.00,0.00,1.03
20240811143718, -0.00,0.00,1.03
20240811143719, -0.00,0.00,1.03
20240811143720, -0.00,0.00,1.03
20240811143721, -0.00,0.00,1.02
20240811143723, -0.00,0.00,1.02
20240811143724, -0.00,0.00,1.02
20240811143726, -0.00,0.00,1.02
20240811143727, -0.00,0.00,1.02
20240811143728, -0.00,0.00,1.02
20240811143729, -0.00,0.00,1.02
20240811143731, -0.00,0.00,1.02
20240811143732, -0.00,0.00,1.02
20240811143733, -0.00,0.00,1.02
20240811143734, -0.00,0.00,1.02
20240811143736, -0.00,0.00,1.03
20240811143737, -0.00,0.00,1.03
20240811143738, -0.00,0.00,1.03
20240811143739, -0.00,0.00,1.03
20240811143741, -0.00,0.00,1.03
20240811143742, -0.00,0.00,1.03
20240811143743, -0.00,0.00,1.03
20240811143744, -0.00,0.00,1.02
20240811143746, -0.00,0.00,1.02
20240811143747, -0.00,0.00,1.02
20240811143748, -0.00,0.00,1.02
20240811143749, -0.00,0.00,1.02
20240811143751, -0.00,0.00,1.02
20240811143752, -0.00,0.00,1.02
20240811143753, -0.00,0.00,1.03
20240811143754, -0.00,0.00,1.02
20240811143756, -0.00,0.00,1.02
20240811143757, -0.00,0.00,1.02
20240811143758, -0.00,0.00,1.03
20240811143759, -0.00,0.00,1.03
20240811143801, -0.00,0.00,1.03
20240811143802, -0.00,0.00,1.02
20240811143803, -0.00,0.00,1.03
20240811143805, -0.00,0.00,1.02
20240811143806, -0.00,0.00,1.03
20240811143807, -0.00,0.00,1.02
20240811143808, -0.00,0.00,1.03
20240811143810, -0.00,0.00,1.03
20240811143811, -0.00,0.00,1.02
20240811143812, -0.00,0.00,1.02
20240811143813, -0.00,0.00,1.03
20240811143815, -0.00,0.00,1.03
20240811143816, -0.00,0.00,1.03
20240811143817, -0.00,0.00,1.03
20240811143818, -0.00,0.00,1.03
20240811143820, -0.00,0.00,1.02
20240811143821, -0.00,0.00,1.02
20240811143822, -0.00,0.00,1.03
20240811143823, -0.00,0.00,1.02
20240811143825, -0.00,0.00,1.03
20240811143826, -0.00,0.00,1.02
20240811143827, -0.00,0.00,1.02
20240811143828, -0.00,0.00,1.02
20240811143830, -0.00,0.00,1.02
20240811143831, -0.00,0.00,1.02
20240811143832, -0.00,0.00,1.03
20240811143833, -0.00,0.00,1.02
20240811143835, -0.00,0.00,1.02
20240811143836, -0.00,0.00,1.02
20240811143837, -0.00,0.00,1.02
20240811143838, -0.00,0.00,1.03
20240811143840, -0.00,0.00,1.02
20240811143841, -0.00,0.00,1.02
20240811143842, -0.00,0.00,1.02
20240811143843, -0.00,0.00,1.02
20240811143845, -0.00,0.00,1.02
20240811143846, -0.00,0.00,1.03
20240811143848, -0.00,0.00,1.02
20240811143849, -0.00,0.00,1.02
20240811143850, -0.00,0.00,1.02
20240811143851, -0.00,0.00,1.02
20240811143853, -0.00,0.00,1.02
20240811143854, -0.00,0.00,1.02
20240811143855, -0.00,0.00,1.02
20240811143856, -0.00,0.00,1.02
20240811143858, -0.00,0.00,1.03
20240811143859, -0.00,0.00,1.02
20240811143900, -0.00,0.00,1.02
20240811143901, -0.00,0.00,1.02
20240811143903, -0.00,0.00,1.02
20240811143904, -0.00,0.00,1.03
20240811143905, -0.00,0.00,1.03
20240811143907, -0.00,0.00,1.03
20240811143908, -0.00,0.00,1.02
20240811143909, -0.00,0.00,1.03
20240811143910, -0.00,0.00,1.03
20240811143912, -0.00,0.00,1.03
20240811143913, -0.00,0.00,1.03
20240811143914, -0.00,0.00,1.02
20240811143915, -0.00,0.00,1.02
20240811143917, -0.00,0.00,1.03
20240811143918, -0.00,0.00,1.02
20240811143919, -0.00,0.00,1.02
20240811143920, -0.00,0.00,1.03
20240811143922, -0.00,0.00,1.03
20240811143923, -0.00,0.00,1.03
20240811143924, -0.00,0.00,1.02
20240811143925, -0.00,0.00,1.02
20240811143927, -0.00,0.00,1.03
20240811143928, -0.00,0.00,1.03
20240811143929, -0.00,0.00,1.03
20240811143930, -0.00,0.00,1.03
20240811143932, -0.00,0.00,1.03
20240811143933, -0.00,0.00,1.02
20240811143935, -0.00,0.00,1.02
20240811143936, -0.00,0.00,1.03
20240811143937, -0.00,0.00,1.03
20240811143939, -0.00,0.00,1.03
20240811143940, -0.00,0.00,1.02
20240811143942, -0.00,0.00,1.02
20240811143943, -0.00,0.00,1.02
20240811143945, -0.00,0.00,1.02
20240811143946, -0.00,0.00,1.02
20240811143947, -0.00,0.00,1.02
20240811143949, -0.00,0.00,1.02
20240811143950, -0.00,0.00,1.02
20240811143951, -0.00,0.00,1.03
20240811143952, -0.00,0.00,1.02
20240811143954, -0.00,0.00,1.03
20240811143955, -0.00,0.00,1.03
20240811143956, -0.00,0.00,1.03
20240811143957, -0.00,0.00,1.03
20240811143959, -0.00,0.00,1.03
20240811144000, -0.00,0.00,1.03
20240811144001, -0.00,0.00,1.03
20240811144002, -0.00,0.00,1.03
20240811144004, -0.00,0.00,1.02
20240811144005, -0.00,0.00,1.03
20240811144006, -0.00,0.00,1.02
20240811144008, -0.00,0.00,1.03
20240811144009, -0.01,0.00,1.03
20240811144010, 0.00,0.00,1.03
20240811144011, -0.00,0.00,1.02
20240811144013, -0.00,0.00,1.03
20240811144014, 0.00,-0.00,1.03
20240811144015, -0.00,-0.00,1.03
20240811144017, -0.00,0.00,1.02
20240811144018, -0.00,0.00,1.02
20240811144019, -0.01,0.00,1.02
20240811144020, -0.00,0.00,1.02
20240811144022, -0.00,0.00,1.02
20240811144023, 0.00,-0.00,1.02
20240811144024, -0.01,0.01,1.03
20240811144025, -0.00,0.01,1.03
20240811144027, 0.00,-0.00,1.02
20240811144028, -0.00,-0.00,1.03
20240811144029, -0.00,0.00,1.03
20240811144031, 0.00,0.00,1.03
20240811144032, -0.00,0.00,1.02
20240811144033, 0.00,-0.00,1.02
20240811144034, -0.00,0.00,1.02
20240811144036, -0.00,0.00,1.02
20240811144037, -0.00,0.00,1.02
20240811144038, -0.00,0.00,1.03
20240811144039, -0.00,0.00,1.03
20240811144041, -0.00,0.00,1.03
20240811144042, -0.00,0.00,1.03
20240811144043, -0.00,-0.00,1.02
20240811144044, -0.00,0.00,1.02
20240811144046, -0.00,0.00,1.02
20240811144047, -0.00,0.00,1.03
20240811144048, -0.00,0.00,1.03
20240811144050, -0.00,0.00,1.03
20240811144051, -0.00,0.00,1.03
20240811144052, -0.00,0.00,1.02
20240811144053, -0.00,0.00,1.02
20240811144055, -0.00,0.00,1.02
20240811144056, -0.00,0.00,1.02
20240811144057, -0.00,0.00,1.02
20240811144059, -0.00,0.00,1.02
20240811144100, -0.00,0.00,1.02
20240811144101, -0.00,0.00,1.02
20240811144102, -0.00,0.00,1.02
20240811144104, -0.00,0.00,1.03
20240811144105, -0.00,0.00,1.03
20240811144106, -0.00,0.00,1.02
20240811144108, -0.00,0.00,1.02
20240811144109, -0.00,0.00,1.02
20240811144110, -0.00,0.00,1.02
20240811144111, -0.00,0.00,1.03
20240811144113, -0.00,0.00,1.03
20240811144114, -0.00,0.00,1.02
20240811144115, -0.00,0.00,1.02
20240811144116, -0.00,0.00,1.02
20240811144118, -0.00,0.00,1.02
20240811144119, -0.00,0.00,1.03
20240811144120, -0.00,0.00,1.03
20240811144122, -0.00,0.00,1.02
20240811144123, -0.00,0.00,1.03
20240811144124, -0.00,0.00,1.02
20240811144125, -0.00,0.00,1.03
20240811144127, 0.00,0.01,1.02
20240811144128, 0.00,0.00,1.03
20240811144129, 0.00,0.00,1.02
20240811144131, -0.00,0.00,1.02
20240811144132, -0.00,0.00,1.03
20240811144133, -0.00,0.00,1.02
20240811144134, -0.00,0.00,1.03
20240811144136, -0.00,0.00,1.03
20240811144137, -0.00,0.00,1.02
20240811144138, -0.00,0.00,1.02
20240811144140, -0.00,0.00,1.03
20240811144141, -0.00,0.00,1.03
20240811144142, -0.00,0.00,1.03
20240811144144, -0.00,0.00,1.03
20240811144145, -0.00,0.00,1.03
20240811144146, -0.00,0.00,1.03
20240811144148, -0.00,0.00,1.03
20240811144149, -0.00,0.00,1.03
20240811144150, -0.00,0.00,1.03
20240811144151, -0.00,0.00,1.03
20240811144153, -0.00,0.00,1.03
20240811144154, -0.00,0.00,1.03
20240811144155, -0.00,-0.00,1.02
20240811144156, -0.00,-0.00,1.02
20240811144158, -0.00,0.00,1.03
20240811144159, 0.00,-0.00,1.03
20240811144200, 0.00,0.00,1.03
20240811144201, -0.00,0.00,1.02
20240811144203, -0.00,0.00,1.02
20240811144204, -0.00,0.00,1.03
20240811144205, -0.00,0.00,1.03
20240811144207, -0.00,0.00,1.03
20240811144208, -0.00,0.00,1.03
20240811144209, -0.00,0.00,1.03
20240811144210, -0.00,0.00,1.03
20240811144212, -0.00,0.00,1.03
20240811144213, -0.00,0.00,1.03
20240811144214, -0.00,0.00,1.03
20240811144215, -0.00,0.00,1.03
20240811144217, -0.00,0.00,1.03
20240811144218, 0.00,0.00,1.03
20240811144219, -0.00,0.00,1.03
20240811144220, -0.00,0.00,1.03
20240811144222, -0.00,0.00,1.03
20240811144223, 0.00,0.00,1.03
20240811144224, -0.00,0.00,1.03
20240811144226, -0.00,0.00,1.03
20240811144227, -0.00,0.00,1.03
20240811144228, -0.00,0.00,1.03
20240811144229, -0.00,0.00,1.03
20240811144231, -0.00,0.00,1.02
20240811144232, -0.00,0.00,1.03
20240811144233, -0.00,0.00,1.02
20240811144234, -0.00,0.00,1.03
20240811144236, -0.00,0.00,1.03
20240811144237, -0.00,0.00,1.03
20240811144238, -0.00,0.00,1.02
20240811144239, -0.00,0.00,1.02
20240811144241, -0.00,0.00,1.02
20240811144242, -0.00,0.00,1.02
20240811144243, -0.00,0.00,1.03
20240811144245, -0.00,0.00,1.03
20240811144246, -0.00,0.00,1.03
20240811144247, -0.00,0.00,1.02
20240811144248, -0.00,0.00,1.03
20240811144250, -0.00,0.00,1.02
20240811144251, -0.00,0.00,1.02
20240811144252, -0.00,0.00,1.02
20240811144253, -0.00,0.00,1.03
20240811144255, -0.00,0.00,1.03
20240811144256, -0.00,0.00,1.02
20240811144257, -0.00,0.00,1.02
20240811144259, -0.00,0.00,1.02
20240811144300, -0.00,0.00,1.02
20240811144301, -0.00,0.00,1.02
20240811144302, -0.00,0.00,1.02
20240811144304, -0.00,0.00,1.02
20240811144305, -0.00,0.00,1.02
20240811144306, -0.00,0.00,1.03
20240811144307, -0.00,0.00,1.03
20240811144309, -0.00,0.00,1.02
20240811144310, -0.00,0.00,1.02
20240811144311, -0.00,0.00,1.02
20240811144312, -0.00,0.00,1.03
20240811144314, -0.00,0.00,1.02
20240811144315, -0.00,0.00,1.02
20240811144316, -0.00,0.00,1.03
20240811144318, -0.00,0.00,1.02
20240811144319, -0.00,0.00,1.02
20240811144320, -0.00,0.00,1.02
20240811144321, -0.00,0.00,1.03
20240811144323, -0.00,0.00,1.03
20240811144324, -0.00,0.00,1.03
20240811144325, -0.00,0.00,1.03
20240811144326, -0.00,0.00,1.03
20240811144328, -0.00,0.00,1.03
20240811144329, -0.00,0.00,1.03
20240811144330, -0.00,0.00,1.03
20240811144331, -0.00,0.00,1.03
20240811144333, -0.00,0.00,1.03
20240811144334, -0.00,0.00,1.03
20240811144335, -0.00,0.00,1.03
20240811144337, -0.00,0.00,1.03
20240811144338, -0.00,0.00,1.02
20240811144339, -0.00,0.00,1.02
20240811144341, -0.00,0.00,1.02
20240811144342, -0.00,0.00,1.03
20240811144343, -0.00,0.00,1.03
20240811144344, -0.00,0.00,1.02
20240811144346, -0.00,0.00,1.02
20240811144347, -0.00,0.00,1.02
20240811144348, -0.00,0.00,1.03
20240811144350, -0.00,0.00,1.03
20240811144351, -0.00,0.00,1.02
20240811144352, -0.00,0.00,1.02
20240811144354, -0.00,0.00,1.02
20240811144355, -0.00,0.00,1.02
20240811144356, -0.00,0.00,1.02
20240811144357, -0.00,0.00,1.02
20240811144359, -0.00,0.00,1.03
20240811144400, -0.00,0.00,1.03
20240811144401, -0.00,0.00,1.02
20240811144403, -0.00,0.00,1.02
20240811144404, -0.00,0.00,1.03
20240811144405, -0.00,0.00,1.03
20240811144406, -0.00,0.00,1.02
20240811144408, -0.00,0.00,1.03
20240811144409, -0.00,0.00,1.03
20240811144410, -0.00,0.00,1.03
20240811144412, -0.00,0.00,1.02
20240811144413, -0.00,0.00,1.03
20240811144414, -0.00,0.00,1.03
20240811144415, -0.00,0.00,1.03
20240811144417, -0.00,0.00,1.02
20240811144418, -0.00,0.00,1.02
20240811144419, -0.00,0.00,1.03
20240811144420, -0.00,0.00,1.03
20240811144422, -0.00,0.00,1.03
20240811144423, -0.00,0.00,1.02
20240811144424, -0.00,0.00,1.02
20240811144425, -0.00,0.00,1.02
20240811144427, -0.00,0.00,1.03
20240811144428, -0.00,0.00,1.02
20240811144429, -0.00,0.00,1.02
20240811144431, -0.00,0.00,1.03
20240811144432, -0.00,0.00,1.03
20240811144433, -0.00,0.00,1.02
20240811144434, -0.00,0.00,1.03
20240811144436, -0.00,0.00,1.03
20240811144437, -0.00,0.00,1.03
20240811144438, -0.00,0.00,1.03
20240811144439, -0.00,0.00,1.02
20240811144441, -0.00,0.00,1.03
20240811144442, -0.00,0.00,1.02
20240811144443, -0.00,0.00,1.02
20240811144445, -0.00,0.00,1.02
20240811144446, -0.00,0.00,1.02
20240811144447, -0.00,0.00,1.02
20240811144448, -0.00,0.00,1.02
20240811144450, -0.00,0.00,1.02
20240811144451, -0.00,0.00,1.03
20240811144452, -0.00,0.00,1.02
20240811144454, -0.00,0.00,1.02
20240811144455, -0.00,0.00,1.02
20240811144456, -0.00,0.00,1.03
20240811144457, -0.00,0.00,1.02
20240811144459, -0.00,-0.00,1.03
20240811144500, -0.00,0.00,1.03
20240811144501, -0.00,0.00,1.02
20240811144503, -0.00,0.00,1.03
20240811144504, -0.00,0.00,1.03
20240811144505, -0.00,0.00,1.02
20240811144506, -0.00,-0.00,1.02
20240811144508, -0.00,0.00,1.02
20240811144509, -0.00,0.00,1.02
20240811144510, -0.00,-0.00,1.03
20240811144512, -0.00,0.00,1.02
20240811144513, 0.00,0.00,1.02
20240811144514, -0.00,0.00,1.02
20240811144515, -0.00,0.00,1.02
20240811144517, -0.00,-0.00,1.02
20240811144518, -0.00,-0.00,1.02
20240811144519, -0.00,0.00,1.02
20240811144520, -0.00,0.00,1.02
20240811144522, -0.01,-0.00,1.02
20240811144523, -0.00,-0.00,1.03
20240811144524, -0.00,0.00,1.02
20240811144526, -0.00,0.00,1.02
20240811144527, -0.00,0.00,1.03
20240811144528, -0.00,0.00,1.02
20240811144529, -0.00,0.00,1.03
20240811144531, -0.00,0.00,1.02
20240811144532, -0.00,-0.00,1.02
20240811144533, -0.00,0.00,1.02
20240811144535, -0.00,0.00,1.02
20240811144536, -0.00,0.00,1.02
20240811144537, -0.00,0.00,1.02
20240811144538, 0.00,0.00,1.03
20240811144540, -0.00,0.00,1.02
20240811144541, -0.00,0.00,1.02
20240811144542, -0.00,0.00,1.02
20240811144544, -0.00,0.00,1.02
20240811144545, -0.00,0.00,1.02
20240811144546, -0.00,-0.00,1.02
20240811144547, -0.00,0.00,1.02
20240811144549, -0.00,0.00,1.03
20240811144550, -0.00,0.00,1.03
20240811144551, -0.11,0.32,0.85
20240811144552, 0.65,-0.01,0.80
20240811144554, 0.57,-0.02,1.07
20240811144555, -0.86,0.26,0.67
20240811144557, -0.72,0.01,0.80
20240811144558, -0.12,-1.02,-0.16
20240811144559, -0.04,-0.69,1.11
20240811144601, 0.24,0.84,0.39
20240811144602, -0.00,0.35,0.96
20240811144603, 0.12,-0.97,0.31
20240811144605, -0.39,0.22,0.92
20240811144606, -0.02,-0.32,1.03
20240811144607, 0.00,0.00,1.03
20240811144609, -0.00,-0.00,1.02
20240811144610, 0.00,-0.00,1.02
20240811144611, -0.00,-0.00,1.02
20240811144612, 0.00,-0.00,1.02
20240811144614, -0.00,-0.00,1.02
20240811144615, -0.00,0.00,1.02
20240811144616, 0.00,0.00,1.03
20240811144618, -0.00,-0.00,1.03
20240811144619, -0.00,0.00,1.02
20240811144620, 0.00,-0.00,1.03
20240811144621, -0.00,-0.00,1.03
20240811144623, -0.03,-0.00,1.03
20240811144624, -0.00,0.00,1.03
20240811144625, 0.00,-0.00,1.03
20240811144627, -0.00,0.00,1.03
20240811144628, 0.00,-0.00,1.02
20240811144629, -0.00,-0.00,1.02
20240811144630, -0.00,-0.00,1.02
20240811144632, -0.00,-0.00,1.02
20240811144633, 0.00,-0.00,1.03
20240811144634, -0.00,-0.00,1.03
20240811144635, 0.00,-0.00,1.02
20240811144637, 0.00,-0.00,1.03
20240811144638, -0.00,0.00,1.02
20240811144639, 0.00,-0.00,1.03
20240811144641, -0.00,-0.00,1.03
20240811144642, -0.00,-0.00,1.03
20240811144643, -0.00,-0.00,1.03
20240811144644, 0.00,-0.00,1.03
20240811144646, 0.00,-0.00,1.03
20240811144647, 0.00,0.00,1.03
20240811144648, -0.00,-0.00,1.03
20240811144650, 0.00,-0.00,1.03
20240811144651, -0.00,-0.00,1.03
